lambda,mse,curvature
0.0,0.02250627428293228,10.620937585830688
0.0001,0.04297013208270073,8.812477588653564
0.001,0.014693028293550014,5.635298013687134
0.01,0.025511998683214188,1.7408822178840637
