n_knots,mse
11,0.05011080950498581
21,0.015799622982740402
41,0.02471170574426651
