model,accuracy,f1
MLP,0.675,0.7368421052631579
KAN,0.705,0.7330316742081447
